{
    "swagger": "2.0",
    "info": {
        "contact": {}
    },
    "paths": {
        "/ping": {
            "get": {
                "description": "ping",
                "tags": [
                    "测试"
                ],
                "summary": "ping",
                "responses": {
                    "200": {
                        "description": "{\"code\":\"200\",\"data\":\"pong\"}",
                        "schema": {
                            "type": "string"
                        }
                    }
                }
            }
        },
        "/version": {
            "get": {
                "description": "获取版本列表",
                "tags": [
                    "版本"
                ],
                "summary": "版本",
                "parameters": [
                    {
                        "type": "integer",
                        "description": "请输入当前页，默认第一页",
                        "name": "page",
                        "in": "query"
                    },
                    {
                        "type": "integer",
                        "description": "页大小",
                        "name": "size",
                        "in": "query"
                    }
                ],
                "responses": {
                    "200": {
                        "description": "{\"code\":\"200\",\"msg\":\"\",\"data\":\"\"}",
                        "schema": {
                            "type": "string"
                        }
                    }
                }
            }
        },
        "/version-with-event": {
            "get": {
                "description": "获取版本与版本详情",
                "tags": [
                    "版本"
                ],
                "summary": "版本和版本详情",
                "parameters": [
                    {
                        "type": "integer",
                        "description": "请输入当前页，默认第一页",
                        "name": "page",
                        "in": "query"
                    },
                    {
                        "type": "integer",
                        "description": "页大小",
                        "name": "size",
                        "in": "query"
                    }
                ],
                "responses": {
                    "200": {
                        "description": "{\"code\":\"200\",\"msg\":\"\",\"data\":\"\"}",
                        "schema": {
                            "type": "string"
                        }
                    }
                }
            }
        }
    }
}